product_id,product_name,price,units_in_stock
1,Funky Pink Abstract Tank Top,555,465
2,Vibrant Blue Plaid Hoodie,25,4
3,Awesome Pink Checkered Long Sleeve,807,131
4,Hip Orange Polka Dot Polo,692,444
5,Sleek Yellow Geometric T-Shirt,781,185
6,Unique Blue Houndstooth Button-Up,51,203
7,Cool Blue Floral Tank Top,221,404
8,Unique Pink Camouflage Hoodie,644,479
9,Awesome Blue Striped Button-Up,38,298
10,Hip Green Plaid Tank Top,284,93
11,Hip Gray Plaid Crop Top,952,131
12,Funky White Tie-Dye Long Sleeve,112,243
13,Unique Purple Striped Hoodie,848,122
14,Trendy Orange Checkered Blouse,357,79
15,Unique Orange Striped Sweatshirt,727,217
16,Trendy Pink Striped Button-Up,973,494
17,Funky Pink Plaid Hoodie,67,231
18,Cool Orange Floral Tank Top,415,458
19,Awesome Red Abstract Polo,978,463
20,Cool Black Tie-Dye Button-Up,874,30
21,Stylish Yellow Houndstooth Tank Top,454,76
22,Stylish Orange Camouflage Tank Top,318,265
23,Stylish Red Striped Tank Top,303,198
24,Trendy Yellow Camouflage Crop Top,803,115
25,Cool Green Striped Hoodie,564,380
26,Funky Green Houndstooth Polo,684,238
27,Stylish Purple Striped Button-Up,288,102
28,Stylish White Houndstooth Hoodie,388,399
29,Elegant Purple Plaid T-Shirt,940,69
30,Trendy Blue Houndstooth Tank Top,308,10
31,Awesome Pink Striped Crop Top,441,499
32,Stylish Orange Tie-Dye Hoodie,402,210
33,Hip Yellow Checkered Sweatshirt,92,21
34,Trendy Pink Striped Crop Top,743,171
35,Sleek Gray Camouflage Button-Up,361,413
36,Cool Blue Houndstooth Hoodie,33,238
37,Stylish Black Houndstooth Blouse,166,449
38,Vibrant Red Houndstooth Blouse,102,5
39,Hip Yellow Abstract Tank Top,891,154
40,Vibrant Black Checkered Button-Up,210,111
41,Elegant Blue Plaid Polo,439,33
42,Trendy Gray Checkered Blouse,417,237
43,Unique White Floral Sweater,628,397
44,Stylish Orange Checkered Long Sleeve,549,148
45,Elegant Purple Striped Tank Top,279,195
46,Hip Yellow Floral Long Sleeve,122,333
47,Unique Purple Striped Tank Top,296,351
48,Vibrant White Plaid Blouse,445,358
49,Trendy Gray Plaid T-Shirt,365,211
50,Elegant Gray Checkered Long Sleeve,792,314
51,Vibrant Orange Houndstooth Hoodie,467,66
52,Cool Purple Tie-Dye T-Shirt,219,184
53,Unique Blue Abstract Long Sleeve,429,468
54,Hip Blue Polka Dot Long Sleeve,264,15
55,Funky Green Floral Hoodie,927,334
56,Cool Pink Camouflage Long Sleeve,346,301
57,Vibrant Blue Camouflage T-Shirt,398,7
58,Elegant Yellow Checkered Long Sleeve,474,118
59,Stylish Purple Tie-Dye T-Shirt,828,500
60,Elegant Orange Tie-Dye Blouse,491,451
61,Sleek Yellow Striped Sweatshirt,548,106
62,Vibrant Black Camouflage Button-Up,356,212
63,Funky Orange Floral Button-Up,306,389
64,Vibrant Black Checkered Crop Top,697,63
65,Trendy Green Abstract T-Shirt,991,423
66,Sleek Pink Polka Dot Polo,91,144
67,Elegant Pink Striped T-Shirt,162,137
68,Trendy Black Tie-Dye Polo,684,52
69,Elegant Yellow Checkered Crop Top,331,307
70,Stylish Yellow Striped Blouse,764,259
71,Unique Yellow Camouflage T-Shirt,786,62
72,Vibrant Red Camouflage Hoodie,197,137
73,Stylish Black Plaid Hoodie,657,468
74,Hip Gray Abstract Blouse,58,453
75,Stylish Orange Checkered Long Sleeve,842,285
76,Elegant Green Tie-Dye Sweater,985,392
77,Funky Black Tie-Dye Sweatshirt,6,270
78,Funky Blue Striped Tank Top,646,385
79,Elegant White Tie-Dye Polo,604,255
80,Cool Orange Tie-Dye Long Sleeve,163,444
81,Funky Red Checkered Tank Top,27,167
82,Unique Yellow Tie-Dye T-Shirt,451,109
83,Sleek Orange Striped Sweater,710,328
84,Funky Black Geometric Sweater,360,495
85,Sleek Black Plaid Blouse,263,437
86,Trendy Red Striped Sweatshirt,73,363
87,Hip Yellow Floral Polo,266,332
88,Funky Orange Tie-Dye Sweater,493,81
89,Funky Orange Plaid Tank Top,655,107
90,Awesome White Floral Crop Top,494,454
91,Sleek Red Geometric Crop Top,972,474
92,Sleek Green Floral T-Shirt,70,329
93,Hip Green Houndstooth Sweatshirt,972,162
94,Elegant Pink Camouflage Long Sleeve,925,273
95,Hip Black Checkered Polo,375,212
96,Elegant Blue Floral Sweatshirt,835,265
97,Stylish Gray Camouflage Button-Up,892,369
98,Vibrant Pink Striped Tank Top,951,149
99,Funky Orange Houndstooth Polo,422,103
100,Sleek Gray Camouflage Crop Top,48,279
101,Funky Purple Plaid Crop Top,852,224
102,Awesome Pink Striped Button-Up,174,5
103,Hip Black Striped Button-Up,361,88
104,Trendy Gray Houndstooth Sweater,52,332
105,Hip Gray Floral Blouse,835,455
106,Elegant Green Tie-Dye Long Sleeve,983,226
107,Trendy Red Abstract Button-Up,629,140
108,Stylish White Polka Dot Crop Top,225,394
109,Cool Red Checkered Button-Up,291,128
110,Trendy Red Camouflage Polo,288,248
111,Cool Purple Checkered Hoodie,155,183
112,Trendy Blue Floral Long Sleeve,155,67
113,Cool Purple Abstract Tank Top,374,336
114,Unique Pink Checkered Hoodie,337,57
115,Funky Pink Houndstooth Blouse,473,153
116,Awesome Black Striped Sweater,437,494
117,Cool Pink Floral Sweater,502,226
118,Awesome Orange Geometric Long Sleeve,418,207
119,Elegant Green Polka Dot Tank Top,105,344
120,Unique White Plaid Blouse,250,222
121,Sleek White Polka Dot T-Shirt,632,17
122,Cool Yellow Abstract Long Sleeve,899,308
123,Funky Orange Houndstooth Crop Top,476,126
124,Trendy Yellow Polka Dot Sweater,808,87
125,Hip Purple Abstract T-Shirt,576,245
126,Awesome Pink Abstract T-Shirt,651,88
127,Vibrant White Plaid Crop Top,475,220
128,Stylish Green Abstract T-Shirt,785,195
129,Hip Pink Checkered Tank Top,254,463
130,Funky Green Abstract Hoodie,684,296
131,Hip Green Tie-Dye Tank Top,594,98
132,Vibrant Black Striped Tank Top,437,309
133,Funky Purple Geometric Polo,691,92
134,Vibrant Blue Floral T-Shirt,150,384
135,Hip Red Geometric Polo,741,346
136,Sleek Yellow Geometric Sweater,647,435
137,Awesome Yellow Tie-Dye Polo,826,27
138,Cool Gray Houndstooth Sweatshirt,942,439
139,Elegant Red Abstract Blouse,536,451
140,Unique Gray Tie-Dye Sweater,987,498
141,Unique Red Polka Dot Long Sleeve,63,110
142,Cool Gray Geometric Sweater,570,422
143,Awesome Pink Houndstooth Sweater,278,370
144,Elegant Black Tie-Dye T-Shirt,659,240
145,Elegant Pink Floral Sweater,666,224
146,Unique Red Polka Dot T-Shirt,677,274
147,Sleek Black Polka Dot Hoodie,664,134
148,Unique Blue Camouflage Long Sleeve,365,122
149,Hip Orange Geometric Blouse,166,208
150,Funky Red Camouflage Button-Up,551,314
151,Funky Gray Abstract Sweatshirt,301,172
152,Unique Orange Plaid Sweatshirt,665,210
153,Cool Green Camouflage Long Sleeve,586,337
154,Awesome Green Houndstooth Hoodie,391,231
155,Vibrant Pink Checkered Blouse,306,219
156,Funky Purple Camouflage Long Sleeve,309,346
157,Hip White Plaid Sweater,415,243
158,Hip Gray Abstract Sweater,982,5
159,Stylish Purple Tie-Dye Hoodie,736,278
160,Cool Green Striped Blouse,755,225
161,Sleek Yellow Polka Dot Blouse,959,137
162,Hip Pink Checkered Sweater,561,431
163,Trendy White Geometric Blouse,808,191
164,Trendy Orange Tie-Dye Crop Top,220,10
165,Vibrant Green Houndstooth Sweater,942,48
166,Funky Black Polka Dot Blouse,213,385
167,Cool Green Geometric Button-Up,282,78
168,Trendy Orange Abstract Polo,823,334
169,Vibrant Blue Houndstooth Hoodie,655,28
170,Sleek Yellow Abstract Button-Up,755,8
171,Stylish Purple Polka Dot Blouse,775,491
172,Unique Red Abstract Polo,608,371
173,Elegant White Floral T-Shirt,194,163
174,Elegant White Checkered Tank Top,12,10
175,Hip Gray Tie-Dye Long Sleeve,990,218
176,Vibrant Yellow Tie-Dye Button-Up,522,383
177,Elegant Green Camouflage Sweatshirt,642,326
178,Sleek Black Camouflage Crop Top,113,163
179,Hip White Checkered Polo,950,172
180,Awesome White Houndstooth Crop Top,47,13
181,Awesome Black Checkered T-Shirt,397,315
182,Unique Purple Polka Dot Crop Top,724,332
183,Stylish Green Houndstooth Polo,690,120
184,Hip Blue Floral Sweatshirt,901,436
185,Awesome White Plaid Polo,730,447
186,Elegant Pink Polka Dot Sweater,792,313
187,Awesome Blue Tie-Dye Crop Top,186,100
188,Elegant Blue Abstract Sweatshirt,632,343
189,Unique Gray Floral Polo,933,208
190,Trendy White Camouflage Polo,721,94
191,Elegant Blue Polka Dot Tank Top,545,269
192,Funky Blue Tie-Dye T-Shirt,844,171
193,Sleek Pink Camouflage T-Shirt,838,163
194,Awesome Black Abstract Polo,254,23
195,Stylish Blue Tie-Dye Tank Top,875,291
196,Stylish Black Polka Dot Sweater,777,95
197,Awesome Pink Checkered Hoodie,193,113
198,Sleek Green Polka Dot Sweatshirt,497,222
199,Cool Blue Checkered Button-Up,283,440
200,Vibrant Green Polka Dot T-Shirt,762,435
201,Trendy Orange Checkered Sweatshirt,682,257
202,Cool Black Houndstooth Long Sleeve,751,194
203,Hip Gray Abstract Crop Top,898,478
204,Hip Gray Floral Hoodie,899,228
205,Unique Gray Geometric Button-Up,953,392
206,Stylish Red Geometric Long Sleeve,234,45
207,Cool White Houndstooth Sweater,917,391
208,Stylish Purple Abstract T-Shirt,706,381
209,Sleek White Floral Sweater,870,421
210,Vibrant Blue Plaid T-Shirt,271,40
211,Hip Black Houndstooth Long Sleeve,267,390
212,Unique Black Checkered T-Shirt,51,229
213,Hip Red Striped Sweater,229,496
214,Sleek Orange Polka Dot Polo,534,362
215,Hip Black Abstract Sweatshirt,918,12
216,Stylish Purple Polka Dot T-Shirt,366,431
217,Sleek Orange Geometric Button-Up,252,159
218,Cool Red Checkered Blouse,707,60
219,Cool Yellow Polka Dot Polo,575,185
220,Sleek Red Houndstooth Crop Top,63,373
221,Stylish Green Abstract Polo,195,278
222,Sleek Blue Striped Hoodie,8,489
223,Vibrant Yellow Floral Polo,609,199
224,Funky Gray Camouflage Button-Up,776,64
225,Hip Blue Striped Button-Up,817,77
226,Hip Red Abstract Blouse,280,15
227,Trendy Red Tie-Dye Sweatshirt,469,210
228,Elegant Black Polka Dot T-Shirt,727,152
229,Stylish Yellow Camouflage Button-Up,52,452
230,Trendy White Camouflage Tank Top,926,337
231,Awesome White Camouflage Hoodie,817,472
232,Cool Gray Plaid Long Sleeve,336,103
233,Unique Red Polka Dot Crop Top,165,71
234,Cool Yellow Abstract T-Shirt,564,188
235,Awesome Gray Camouflage Tank Top,621,390
236,Funky Red Striped T-Shirt,150,174
237,Funky Blue Geometric Button-Up,721,170
238,Hip Orange Houndstooth Blouse,987,64
239,Elegant Blue Polka Dot Long Sleeve,200,342
240,Funky Pink Striped Tank Top,319,329
241,Awesome Gray Camouflage Crop Top,758,247
242,Sleek Gray Polka Dot Button-Up,703,366
243,Trendy Gray Abstract Button-Up,865,185
244,Elegant Black Floral Long Sleeve,55,63
245,Unique Black Houndstooth Sweatshirt,298,387
246,Sleek Black Floral Polo,771,377
247,Stylish Pink Floral Tank Top,671,464
248,Cool Green Plaid Sweater,726,333
249,Cool Purple Plaid Blouse,789,56
250,Sleek Purple Houndstooth Tank Top,408,267
251,Unique Green Abstract Blouse,300,52
252,Stylish Purple Tie-Dye Button-Up,996,116
253,Awesome Gray Polka Dot Long Sleeve,759,317
254,Cool Yellow Striped Sweatshirt,118,52
255,Trendy Gray Abstract Crop Top,853,461
256,Elegant Green Abstract Sweater,921,464
257,Elegant Black Polka Dot Polo,569,31
258,Unique Red Camouflage Tank Top,34,127
259,Stylish Blue Striped Sweatshirt,951,238
260,Funky Yellow Polka Dot Hoodie,180,200
261,Sleek Yellow Plaid Long Sleeve,798,247
262,Sleek Orange Abstract T-Shirt,665,286
263,Elegant Pink Checkered Crop Top,590,319
264,Awesome Gray Polka Dot Sweater,231,425
265,Hip Blue Polka Dot Blouse,148,46
266,Vibrant Black Houndstooth Tank Top,508,4
267,Cool Pink Polka Dot Long Sleeve,905,83
268,Elegant Blue Checkered Blouse,675,327
269,Unique Yellow Houndstooth Button-Up,917,325
270,Trendy Purple Tie-Dye Blouse,742,69
271,Elegant Purple Geometric Crop Top,275,298
272,Awesome Purple Plaid Long Sleeve,507,315
273,Vibrant Black Tie-Dye Hoodie,990,209
274,Unique Pink Tie-Dye Tank Top,278,161
275,Elegant Blue Geometric Tank Top,380,57
276,Vibrant Orange Camouflage Sweater,432,88
277,Funky Black Striped Sweater,14,413
278,Stylish Yellow Striped Sweater,915,190
279,Unique White Houndstooth Crop Top,323,415
280,Stylish Purple Abstract Hoodie,651,184
281,Awesome Yellow Polka Dot T-Shirt,170,197
282,Vibrant Orange Tie-Dye Hoodie,976,112
283,Awesome Black Checkered Long Sleeve,930,90
284,Vibrant Orange Tie-Dye Blouse,159,351
285,Cool Red Plaid Button-Up,389,200
286,Hip Green Houndstooth Crop Top,343,417
287,Trendy Yellow Floral Crop Top,293,28
288,Elegant Yellow Polka Dot Crop Top,217,94
289,Trendy Purple Geometric Hoodie,522,166
290,Unique Green Striped Button-Up,253,83
291,Trendy Blue Polka Dot Crop Top,76,156
292,Cool Orange Camouflage Crop Top,797,256
293,Trendy Black Floral Long Sleeve,776,187
294,Stylish Red Polka Dot Sweater,326,245
295,Vibrant Pink Abstract Sweater,583,185
296,Sleek Blue Floral Crop Top,280,109
297,Cool Black Tie-Dye Blouse,69,373
298,Stylish Orange Tie-Dye Polo,393,302
299,Cool Pink Geometric Sweatshirt,515,275
300,Awesome Purple Tie-Dye Tank Top,817,357
301,Elegant Green Tie-Dye Tank Top,516,155
302,Funky Purple Camouflage Button-Up,341,118
303,Unique Green Houndstooth Blouse,709,470
304,Awesome Purple Polka Dot Sweatshirt,342,40
305,Vibrant Green Tie-Dye Blouse,215,310
306,Vibrant Red Striped Sweatshirt,975,429
307,Sleek Red Tie-Dye Polo,847,144
308,Hip Black Striped Crop Top,107,470
309,Funky Purple Geometric Button-Up,181,371
310,Unique Gray Tie-Dye Crop Top,984,263
311,Elegant Red Tie-Dye Sweatshirt,743,488
312,Cool Purple Plaid Polo,429,404
313,Hip Orange Geometric T-Shirt,778,27
314,Unique Yellow Tie-Dye Button-Up,372,113
315,Unique Green Checkered Sweater,586,292
316,Vibrant Pink Abstract Sweatshirt,642,68
317,Elegant Blue Geometric Polo,713,348
318,Sleek Pink Plaid Tank Top,668,310
319,Elegant Red Houndstooth T-Shirt,705,289
320,Awesome Black Camouflage Tank Top,626,40
321,Trendy Gray Polka Dot T-Shirt,964,186
322,Sleek Gray Polka Dot Hoodie,799,465
323,Elegant Black Checkered Blouse,782,125
324,Unique Yellow Checkered Blouse,8,423
325,Vibrant Yellow Geometric Button-Up,250,415
326,Awesome Blue Floral Button-Up,62,252
327,Unique Gray Checkered Hoodie,559,322
328,Sleek Blue Striped Tank Top,390,385
329,Trendy Blue Geometric Crop Top,27,160
330,Unique Pink Geometric Crop Top,307,20
331,Vibrant Gray Camouflage Sweater,908,126
332,Sleek Black Abstract Crop Top,59,267
333,Trendy Blue Striped Crop Top,768,439
334,Stylish White Geometric Sweater,554,406
335,Vibrant Purple Checkered Hoodie,566,300
336,Funky Gray Floral Crop Top,490,383
337,Sleek Green Camouflage Blouse,765,384
338,Unique White Geometric Sweater,603,50
339,Vibrant White Abstract Button-Up,495,403
340,Awesome Black Houndstooth Crop Top,891,320
341,Hip Purple Camouflage Blouse,758,100
342,Awesome Pink Plaid Polo,758,308
343,Awesome Yellow Plaid Button-Up,726,112
344,Cool Orange Floral T-Shirt,632,401
345,Awesome Blue Geometric Tank Top,298,5
346,Stylish Black Striped Sweater,495,335
347,Trendy Black Checkered Sweatshirt,772,352
348,Awesome Orange Floral Sweater,921,32
349,Hip Orange Houndstooth Sweater,712,32
350,Hip Yellow Checkered Tank Top,872,73
351,Funky Red Houndstooth Sweater,149,167
352,Sleek Yellow Polka Dot Sweatshirt,737,261
353,Stylish Blue Polka Dot Long Sleeve,885,201
354,Elegant Pink Tie-Dye Sweater,698,382
355,Unique Gray Polka Dot T-Shirt,205,308
356,Unique Orange Houndstooth Sweatshirt,341,40
357,Trendy Red Checkered Long Sleeve,983,366
358,Trendy Yellow Geometric Sweater,631,161
359,Elegant Black Tie-Dye Sweater,783,284
360,Sleek Yellow Tie-Dye Sweater,384,77
361,Stylish Black Geometric Tank Top,297,62
362,Hip Purple Floral Long Sleeve,892,243
363,Hip Gray Camouflage Blouse,317,17
364,Vibrant Blue Camouflage Long Sleeve,532,4
365,Stylish Red Geometric Tank Top,254,91
366,Awesome Gray Tie-Dye Hoodie,795,285
367,Sleek Orange Tie-Dye Sweatshirt,556,317
368,Funky Black Houndstooth Sweater,478,108
369,Vibrant Pink Houndstooth Long Sleeve,658,32
370,Funky Pink Floral Sweater,964,418
371,Sleek Red Striped Tank Top,813,274
372,Hip Yellow Plaid Button-Up,33,242
373,Elegant Red Striped Sweatshirt,881,460
374,Elegant Orange Houndstooth Sweatshirt,101,222
375,Elegant Green Checkered Sweatshirt,310,257
376,Trendy White Polka Dot Tank Top,448,381
377,Vibrant Pink Abstract Crop Top,246,492
378,Sleek Orange Camouflage Tank Top,324,251
379,Vibrant Pink Abstract Hoodie,595,306
380,Elegant Blue Abstract Tank Top,705,363
381,Hip White Polka Dot Tank Top,765,421
382,Awesome Red Floral Sweatshirt,111,486
383,Hip Yellow Checkered Sweater,473,73
384,Sleek Black Plaid Button-Up,764,376
385,Cool Blue Plaid Long Sleeve,851,91
386,Stylish Pink Checkered T-Shirt,772,4
387,Vibrant Black Striped Sweatshirt,876,205
388,Cool Purple Tie-Dye Sweatshirt,497,417
389,Sleek Purple Tie-Dye Sweater,945,108
390,Stylish Blue Striped T-Shirt,434,54
391,Sleek White Abstract Long Sleeve,71,240
392,Awesome Pink Floral Sweatshirt,632,454
393,Hip Red Camouflage Sweater,386,221
394,Hip Red Abstract Long Sleeve,728,338
395,Stylish Yellow Striped Sweatshirt,196,277
396,Funky Yellow Geometric Polo,575,405
397,Awesome Orange Abstract Blouse,830,383
398,Unique Black Geometric Sweater,104,189
399,Vibrant Orange Plaid Long Sleeve,682,365
400,Funky Yellow Floral Blouse,156,412
401,Elegant Green Tie-Dye Long Sleeve,156,116
402,Cool Black Tie-Dye Sweatshirt,346,350
403,Vibrant Yellow Camouflage Crop Top,370,159
404,Trendy Black Houndstooth Long Sleeve,955,70
405,Stylish Black Camouflage T-Shirt,743,5
406,Trendy Blue Houndstooth Blouse,695,314
407,Unique Pink Floral Blouse,746,94
408,Sleek Yellow Polka Dot Crop Top,773,91
409,Stylish Gray Camouflage Button-Up,711,137
410,Vibrant White Camouflage Tank Top,313,250
411,Hip Blue Houndstooth Long Sleeve,556,146
412,Unique Yellow Checkered Sweater,624,324
413,Cool Orange Geometric Blouse,886,48
414,Cool Pink Polka Dot Sweater,827,367
415,Awesome Pink Abstract Blouse,285,467
416,Trendy Purple Plaid Blouse,448,466
417,Funky Black Checkered Button-Up,114,396
418,Sleek Pink Polka Dot Polo,489,143
419,Unique Orange Polka Dot Crop Top,979,109
420,Funky Pink Camouflage Sweater,872,70
421,Stylish Pink Tie-Dye Polo,178,140
422,Elegant Blue Floral Blouse,737,48
423,Trendy Green Camouflage Hoodie,938,114
424,Awesome Green Geometric Crop Top,444,10
425,Stylish Purple Abstract T-Shirt,284,369
426,Funky Pink Tie-Dye Sweatshirt,231,373
427,Stylish Yellow Polka Dot Polo,693,164
428,Sleek Green Abstract Hoodie,805,287
429,Cool Yellow Camouflage Crop Top,721,429
430,Stylish Purple Floral Blouse,712,267
431,Unique Orange Tie-Dye T-Shirt,824,253
432,Sleek Gray Camouflage Hoodie,552,441
433,Sleek Black Checkered Hoodie,760,260
434,Cool Yellow Plaid Sweatshirt,52,420
435,Funky Orange Houndstooth Hoodie,75,474
436,Vibrant Orange Floral T-Shirt,67,135
437,Cool Orange Polka Dot Hoodie,688,215
438,Hip Yellow Tie-Dye Polo,434,125
439,Elegant Black Checkered Sweater,239,331
440,Stylish Blue Checkered Hoodie,698,42
441,Vibrant Green Houndstooth Blouse,844,428
442,Hip Blue Floral Tank Top,530,137
443,Hip Pink Abstract Long Sleeve,53,459
444,Elegant White Floral T-Shirt,357,224
445,Elegant Black Floral Long Sleeve,981,62
446,Vibrant Green Geometric Button-Up,601,308
447,Sleek Purple Camouflage Sweater,742,366
448,Hip White Abstract Crop Top,553,56
449,Trendy Purple Houndstooth Tank Top,614,231
450,Sleek Blue Abstract Button-Up,472,394
451,Unique Black Houndstooth Hoodie,257,220
452,Funky Red Plaid Tank Top,695,482
453,Awesome Blue Geometric Button-Up,194,475
454,Sleek Yellow Plaid Polo,921,159
455,Stylish Yellow Floral Crop Top,251,343
456,Stylish White Geometric Button-Up,932,419
457,Cool Yellow Polka Dot Polo,566,109
458,Awesome Orange Striped Tank Top,164,455
459,Cool Orange Camouflage Sweater,282,49
460,Cool Blue Plaid Hoodie,932,211
461,Stylish Pink Plaid Long Sleeve,439,470
462,Hip Blue Geometric Sweatshirt,173,190
463,Trendy Purple Houndstooth Button-Up,674,499
464,Sleek Black Striped Sweatshirt,504,379
465,Cool Green Houndstooth Crop Top,90,53
466,Trendy Purple Camouflage Sweatshirt,809,438
467,Sleek Green Striped Hoodie,6,390
468,Hip White Floral T-Shirt,340,96
469,Vibrant Purple Houndstooth Crop Top,873,92
470,Trendy Blue Plaid Polo,848,210
471,Awesome Purple Striped Sweatshirt,809,260
472,Elegant Purple Floral Blouse,745,239
473,Cool Purple Houndstooth Crop Top,61,404
474,Vibrant Red Striped Blouse,756,223
475,Hip Red Checkered Polo,692,304
476,Vibrant Orange Camouflage Long Sleeve,165,73
477,Stylish Green Polka Dot Crop Top,368,222
478,Elegant Yellow Tie-Dye Sweater,972,45
479,Unique Black Floral Sweatshirt,342,193
480,Trendy Gray Checkered Long Sleeve,694,3
481,Stylish White Tie-Dye T-Shirt,232,103
482,Cool Pink Houndstooth Tank Top,420,84
483,Sleek Purple Striped Hoodie,205,18
484,Sleek Red Tie-Dye Polo,573,457
485,Elegant White Checkered Polo,352,124
486,Sleek Pink Geometric Sweatshirt,325,299
487,Hip White Houndstooth Button-Up,907,267
488,Funky Blue Striped Sweater,975,98
489,Trendy White Polka Dot T-Shirt,474,21
490,Unique Green Striped Long Sleeve,224,297
491,Funky Purple Polka Dot Hoodie,762,19
492,Hip Blue Floral Crop Top,75,209
493,Vibrant Pink Floral Blouse,696,139
494,Sleek Black Geometric Blouse,491,213
495,Hip Blue Tie-Dye Sweater,170,106
496,Vibrant Black Floral Crop Top,27,143
497,Stylish White Abstract Hoodie,847,274
498,Sleek Black Tie-Dye Blouse,532,174
499,Awesome Blue Houndstooth Blouse,35,185
500,Awesome Gray Plaid Crop Top,418,51
501,Unique Green Striped Long Sleeve,543,10
502,Funky Blue Tie-Dye Sweater,499,94
503,Trendy Black Polka Dot Sweater,428,449
504,Elegant Blue Plaid T-Shirt,719,182
505,Awesome Black Abstract Hoodie,358,427
506,Elegant Blue Geometric Blouse,149,21
507,Elegant Yellow Checkered T-Shirt,378,65
508,Elegant Black Geometric T-Shirt,98,367
509,Vibrant Purple Geometric Long Sleeve,704,353
510,Trendy Blue Tie-Dye T-Shirt,485,238
511,Unique Black Checkered Blouse,582,408
512,Sleek Orange Geometric T-Shirt,272,29
513,Trendy Red Houndstooth Crop Top,199,166
514,Cool White Plaid Sweater,829,297
515,Elegant Orange Abstract Button-Up,644,192
516,Funky White Abstract Blouse,803,290
517,Sleek Blue Checkered Blouse,493,201
518,Hip Red Abstract Blouse,311,438
519,Hip White Polka Dot Crop Top,936,393
520,Stylish Blue Polka Dot Long Sleeve,462,305
521,Stylish Gray Houndstooth Crop Top,737,37
522,Elegant Yellow Plaid Sweater,352,215
523,Trendy Purple Camouflage Blouse,582,121
524,Awesome Blue Polka Dot Sweatshirt,112,66
525,Funky Gray Checkered Blouse,681,86
526,Funky Purple Camouflage Button-Up,408,169
527,Stylish Yellow Houndstooth Sweater,470,74
528,Funky White Plaid Crop Top,281,94
529,Unique Pink Plaid Polo,292,486
530,Vibrant Gray Polka Dot Tank Top,830,182
531,Vibrant Red Striped T-Shirt,835,215
532,Hip Blue Abstract Tank Top,812,58
533,Elegant White Geometric Sweater,47,346
534,Unique Green Houndstooth Polo,201,442
535,Awesome Black Checkered Sweatshirt,957,219
536,Funky Yellow Tie-Dye Long Sleeve,182,266
537,Stylish Gray Checkered Blouse,296,282
538,Elegant Gray Polka Dot Sweatshirt,402,407
539,Trendy Blue Tie-Dye Hoodie,279,190
540,Sleek Orange Floral Sweater,341,256
541,Funky Yellow Camouflage Crop Top,363,333
542,Unique Gray Tie-Dye Tank Top,943,482
543,Trendy Purple Geometric Polo,609,86
544,Unique Black Houndstooth Button-Up,62,63
545,Sleek Pink Houndstooth Sweater,677,274
546,Unique Blue Polka Dot Sweater,288,368
547,Elegant Yellow Checkered Hoodie,312,161
548,Unique Yellow Plaid Blouse,212,417
549,Elegant Blue Polka Dot T-Shirt,415,12
550,Unique Blue Plaid Blouse,236,151
551,Funky Yellow Checkered Tank Top,566,244
552,Hip Black Camouflage Tank Top,663,28
553,Sleek Pink Checkered Sweater,143,459
554,Unique Gray Striped Blouse,135,352
555,Awesome Green Houndstooth Blouse,789,234
556,Unique Pink Floral T-Shirt,17,99
557,Unique Black Checkered Crop Top,415,37
558,Elegant Orange Plaid Hoodie,113,161
559,Hip White Striped Long Sleeve,371,187
560,Hip Black Striped Blouse,121,471
561,Hip Orange Camouflage Sweatshirt,145,27
562,Hip Pink Floral Button-Up,344,109
563,Hip Yellow Houndstooth Button-Up,671,261
564,Cool Blue Floral Button-Up,733,491
565,Trendy Blue Abstract Sweater,856,47
566,Trendy Blue Abstract Sweatshirt,70,326
567,Funky Red Geometric Polo,487,115
568,Vibrant Red Houndstooth T-Shirt,547,191
569,Stylish Pink Floral Polo,383,465
570,Elegant Red Checkered Tank Top,804,354
571,Vibrant Blue Camouflage Sweater,353,90
572,Vibrant Gray Abstract T-Shirt,276,66
573,Funky Gray Polka Dot Button-Up,6,497
574,Funky Orange Checkered Crop Top,252,498
575,Awesome Black Camouflage Polo,359,323
576,Unique White Checkered Crop Top,283,225
577,Sleek Blue Camouflage Sweatshirt,342,32
578,Unique Blue Plaid Crop Top,305,282
579,Funky Red Polka Dot Sweater,663,88
580,Funky White Houndstooth Tank Top,444,343
581,Stylish Gray Tie-Dye T-Shirt,672,255
582,Cool Black Houndstooth Polo,723,46
583,Funky Red Checkered Hoodie,276,26
584,Stylish Red Camouflage Sweatshirt,271,55
585,Funky Gray Abstract Long Sleeve,812,20
586,Trendy Pink Floral Sweater,955,12
587,Awesome White Abstract Button-Up,292,12
588,Funky Blue Geometric Sweatshirt,258,24
589,Funky Black Tie-Dye Tank Top,177,205
590,Hip Orange Geometric Button-Up,554,133
591,Cool White Plaid Tank Top,550,99
592,Stylish Red Abstract Tank Top,156,387
593,Funky White Floral Long Sleeve,389,68
594,Funky Pink Polka Dot Hoodie,461,471
595,Vibrant Orange Striped Crop Top,485,280
596,Stylish Yellow Plaid Tank Top,288,331
597,Stylish Black Houndstooth Blouse,197,167
598,Sleek Black Floral Hoodie,518,379
599,Elegant Yellow Plaid Hoodie,622,298
600,Awesome Pink Camouflage Button-Up,426,212
601,Hip Purple Striped Sweater,529,367
602,Vibrant Pink Checkered Polo,852,53
603,Funky Pink Floral Long Sleeve,936,435
604,Elegant Green Geometric Tank Top,687,269
605,Unique Black Abstract Crop Top,511,146
606,Hip Yellow Floral Blouse,381,465
607,Awesome White Geometric Crop Top,335,204
608,Unique Blue Striped Polo,644,214
609,Sleek Orange Polka Dot Tank Top,300,367
610,Cool Pink Abstract Long Sleeve,766,72
611,Cool White Houndstooth Tank Top,50,197
612,Unique Green Striped Long Sleeve,910,312
613,Stylish Pink Geometric T-Shirt,426,8
614,Stylish Purple Plaid Hoodie,59,407
615,Cool Orange Checkered Sweater,834,249
616,Unique Red Plaid Polo,89,349
617,Elegant Black Striped Sweater,99,495
618,Hip White Houndstooth Blouse,319,32
619,Awesome Gray Striped Crop Top,792,430
620,Stylish Red Checkered T-Shirt,932,469
621,Elegant Red Geometric Crop Top,241,306
622,Trendy Pink Abstract Tank Top,959,499
623,Funky Gray Checkered Tank Top,342,31
624,Vibrant Black Checkered Crop Top,384,448
625,Vibrant Orange Abstract Crop Top,215,73
626,Sleek Yellow Camouflage Blouse,836,312
627,Stylish Yellow Tie-Dye Tank Top,952,468
628,Unique Yellow Houndstooth Long Sleeve,123,471
629,Awesome Red Geometric T-Shirt,740,362
630,Trendy Red Houndstooth Long Sleeve,445,33
631,Hip White Geometric Polo,578,494
632,Elegant Yellow Striped Button-Up,424,258
633,Awesome Orange Geometric Hoodie,318,166
634,Stylish White Tie-Dye Sweatshirt,488,235
635,Awesome Gray Checkered Button-Up,681,215
636,Stylish Green Tie-Dye Button-Up,269,289
637,Hip Red Tie-Dye Blouse,413,235
638,Funky Blue Abstract Button-Up,173,300
639,Trendy Purple Striped T-Shirt,540,10
640,Trendy Black Houndstooth Sweater,751,73
641,Hip Purple Abstract Blouse,896,207
642,Cool Red Houndstooth Button-Up,745,231
643,Unique Blue Abstract Sweatshirt,979,446
644,Trendy White Checkered T-Shirt,237,498
645,Funky Purple Houndstooth T-Shirt,859,275
646,Unique Black Checkered Hoodie,161,74
647,Cool Blue Tie-Dye Blouse,928,186
648,Elegant Red Polka Dot Hoodie,959,454
649,Hip White Abstract Sweater,973,85
650,Stylish Red Abstract Button-Up,854,169
651,Stylish Purple Abstract Blouse,52,34
652,Awesome Pink Plaid Tank Top,154,256
653,Vibrant Purple Tie-Dye Blouse,612,48
654,Hip Green Houndstooth Crop Top,298,112
655,Vibrant Black Camouflage Sweater,777,186
656,Unique Purple Plaid Hoodie,582,136
657,Sleek Black Abstract Sweater,659,220
658,Hip Gray Floral Sweatshirt,688,141
659,Sleek Red Striped Tank Top,561,401
660,Elegant Red Polka Dot Sweatshirt,453,499
661,Vibrant Yellow Houndstooth Blouse,355,56
662,Cool Green Floral Crop Top,45,424
663,Unique White Abstract T-Shirt,981,363
664,Hip Pink Camouflage Button-Up,779,42
665,Stylish Blue Floral Button-Up,699,155
666,Unique Orange Striped Crop Top,759,115
667,Hip Yellow Floral Button-Up,70,251
668,Stylish Gray Tie-Dye T-Shirt,478,342
669,Stylish Red Geometric Long Sleeve,717,210
670,Vibrant Gray Camouflage Hoodie,669,335
671,Awesome Red Geometric Button-Up,591,462
672,Sleek Pink Abstract Sweatshirt,43,210
673,Trendy Purple Polka Dot Blouse,50,15
674,Vibrant Gray Houndstooth Long Sleeve,391,22
675,Hip Green Tie-Dye Tank Top,489,203
676,Hip Green Plaid Button-Up,507,485
677,Stylish Gray Plaid Polo,162,332
678,Hip Green Abstract Hoodie,247,357
679,Hip Green Plaid Sweatshirt,881,2
680,Cool Orange Plaid Sweatshirt,537,351
681,Stylish Red Houndstooth Button-Up,452,388
682,Cool Purple Plaid Hoodie,130,36
683,Stylish Gray Houndstooth Sweatshirt,28,79
684,Elegant Blue Plaid Crop Top,400,325
685,Stylish Green Camouflage Sweater,731,349
686,Awesome Pink Houndstooth Tank Top,786,492
687,Vibrant Orange Camouflage Sweater,239,472
688,Cool White Houndstooth Sweatshirt,56,252
689,Sleek Pink Polka Dot Button-Up,54,212
690,Vibrant Pink Tie-Dye Sweater,725,71
691,Trendy Red Tie-Dye Sweatshirt,629,333
692,Awesome Purple Polka Dot T-Shirt,956,125
693,Stylish Blue Plaid Long Sleeve,156,147
694,Hip Black Geometric Blouse,749,276
695,Unique Blue Plaid Crop Top,988,54
696,Cool Gray Abstract Sweatshirt,416,128
697,Trendy Yellow Floral T-Shirt,342,184
698,Elegant Red Striped Blouse,871,404
699,Funky Pink Camouflage Polo,447,426
700,Cool Red Geometric Sweater,883,217
701,Stylish White Polka Dot Sweater,925,394
702,Funky White Camouflage Crop Top,190,155
703,Cool Blue Checkered Blouse,123,358
704,Funky Blue Camouflage Sweater,281,3
705,Funky Pink Floral Hoodie,718,21
706,Unique Blue Tie-Dye Sweater,368,138
707,Stylish Red Abstract Crop Top,802,162
708,Stylish Red Polka Dot Polo,486,153
709,Stylish Pink Tie-Dye Blouse,446,179
710,Awesome White Polka Dot Polo,164,315
711,Funky Blue Checkered Tank Top,734,221
712,Cool Black Polka Dot Sweatshirt,467,105
713,Sleek Orange Tie-Dye Sweatshirt,993,390
714,Unique Gray Tie-Dye Button-Up,631,110
715,Unique Red Abstract T-Shirt,608,39
716,Trendy Green Plaid Hoodie,94,410
717,Hip Green Plaid T-Shirt,506,233
718,Awesome Pink Polka Dot Hoodie,96,250
719,Trendy Gray Houndstooth Hoodie,953,110
720,Cool Red Houndstooth Button-Up,714,276
721,Funky Orange Floral Polo,852,49
722,Funky Red Checkered Sweatshirt,82,335
723,Vibrant Gray Floral Polo,708,220
724,Unique Gray Tie-Dye Sweatshirt,885,290
725,Sleek White Striped Long Sleeve,188,350
726,Funky Purple Plaid T-Shirt,730,280
727,Awesome Red Plaid Button-Up,76,265
728,Sleek Blue Houndstooth Crop Top,692,258
729,Vibrant White Floral Hoodie,177,273
730,Awesome Orange Polka Dot Hoodie,312,277
731,Awesome Orange Floral Button-Up,569,327
732,Sleek Blue Floral Button-Up,476,87
733,Stylish Blue Abstract Button-Up,574,454
734,Cool Orange Houndstooth Sweatshirt,417,277
735,Trendy Green Abstract Polo,633,96
736,Sleek Orange Camouflage Blouse,432,366
737,Unique Green Floral Long Sleeve,517,5
738,Funky Yellow Striped Polo,74,290
739,Hip Yellow Floral Long Sleeve,20,330
740,Awesome Pink Houndstooth Tank Top,864,186
741,Elegant Orange Tie-Dye Crop Top,716,386
742,Stylish Orange Floral Button-Up,845,171
743,Stylish Orange Checkered Blouse,213,482
744,Stylish Orange Tie-Dye Long Sleeve,446,135
745,Awesome Gray Geometric Sweatshirt,663,292
746,Elegant Pink Striped Hoodie,149,403
747,Elegant Blue Camouflage Tank Top,926,138
748,Funky Blue Houndstooth Polo,663,53
749,Funky Orange Geometric Blouse,322,202
750,Vibrant Purple Tie-Dye Tank Top,520,295
751,Unique Purple Camouflage T-Shirt,639,292
752,Unique Black Abstract Crop Top,772,216
753,Trendy Pink Striped Long Sleeve,539,134
754,Vibrant Pink Striped Polo,183,438
755,Sleek Gray Polka Dot Sweater,337,499
756,Cool Red Tie-Dye Tank Top,196,369
757,Funky Gray Abstract Blouse,922,355
758,Vibrant Red Polka Dot T-Shirt,388,469
759,Sleek Yellow Checkered Polo,214,460
760,Elegant Orange Floral Polo,777,153
761,Sleek Yellow Polka Dot Long Sleeve,228,77
762,Elegant Yellow Camouflage T-Shirt,361,447
763,Elegant Purple Geometric Sweatshirt,267,33
764,Cool White Floral Blouse,819,421
765,Awesome Yellow Plaid Polo,523,475
766,Trendy Blue Abstract Long Sleeve,607,428
767,Awesome Purple Striped Hoodie,49,397
768,Funky Black Polka Dot Sweater,552,499
769,Cool Black Camouflage Long Sleeve,261,414
770,Unique Pink Camouflage Button-Up,575,350
771,Stylish Purple Striped Long Sleeve,129,327
772,Vibrant Orange Houndstooth Blouse,880,426
773,Funky Yellow Checkered Long Sleeve,942,32
774,Funky Red Houndstooth Tank Top,809,280
775,Funky Yellow Striped T-Shirt,437,337
776,Funky Green Plaid Sweatshirt,407,146
777,Elegant Purple Plaid Button-Up,528,364
778,Vibrant Pink Polka Dot Polo,6,479
779,Sleek Yellow Houndstooth Crop Top,508,281
780,Awesome Blue Plaid Tank Top,88,221
781,Elegant White Floral Crop Top,802,157
782,Vibrant Purple Striped Tank Top,472,407
783,Unique Purple Plaid T-Shirt,230,189
784,Elegant Purple Geometric Polo,605,444
785,Stylish Orange Polka Dot Tank Top,593,141
786,Hip Red Floral Sweater,884,315
787,Funky Orange Plaid Sweatshirt,580,284
788,Elegant Orange Tie-Dye Sweater,945,60
789,Cool Yellow Floral Blouse,488,178
790,Funky Purple Houndstooth Sweatshirt,34,16
791,Sleek Pink Abstract Polo,973,427
792,Funky Purple Striped Tank Top,463,72
793,Cool Blue Floral Button-Up,153,494
794,Vibrant Green Geometric Sweater,884,335
795,Unique White Camouflage Tank Top,135,462
796,Sleek Green Checkered Blouse,303,474
797,Awesome Blue Abstract Tank Top,501,288
798,Sleek White Abstract Sweatshirt,399,21
799,Elegant Black Plaid Button-Up,791,438
800,Stylish White Camouflage T-Shirt,883,299
801,Funky Orange Polka Dot Sweatshirt,15,49
802,Cool Orange Abstract Long Sleeve,287,356
803,Cool Yellow Striped Crop Top,30,53
804,Funky Orange Houndstooth Polo,991,212
805,Elegant Orange Polka Dot Sweatshirt,570,328
806,Stylish Orange Houndstooth Blouse,914,105
807,Funky Green Striped Crop Top,405,296
808,Sleek Yellow Geometric Crop Top,902,234
809,Unique Yellow Floral Tank Top,311,468
810,Stylish White Houndstooth Crop Top,179,196
811,Elegant Pink Polka Dot Sweatshirt,376,325
812,Funky White Floral T-Shirt,571,261
813,Unique Blue Houndstooth Polo,709,443
814,Elegant Yellow Floral T-Shirt,206,495
815,Trendy White Camouflage Tank Top,95,444
816,Stylish Orange Tie-Dye Polo,396,429
817,Vibrant Gray Abstract Polo,900,186
818,Elegant Purple Camouflage Tank Top,866,94
819,Trendy Purple Geometric Long Sleeve,692,75
820,Stylish White Polka Dot T-Shirt,321,429
821,Funky White Polka Dot Polo,923,379
822,Stylish Orange Plaid Button-Up,689,121
823,Hip Blue Striped T-Shirt,995,498
824,Hip Yellow Floral Sweatshirt,644,442
825,Elegant Black Houndstooth Tank Top,158,461
826,Vibrant Green Floral Sweatshirt,454,39
827,Funky Pink Tie-Dye Sweatshirt,642,382
828,Elegant Red Abstract Sweatshirt,315,388
829,Vibrant Blue Geometric Hoodie,947,50
830,Stylish Red Houndstooth T-Shirt,255,273
831,Stylish Black Plaid Crop Top,252,425
832,Trendy Orange Tie-Dye Hoodie,700,82
833,Sleek Yellow Abstract Sweater,997,286
834,Cool Gray Polka Dot Crop Top,257,105
835,Trendy Gray Camouflage Hoodie,224,25
836,Cool White Floral Long Sleeve,690,223
837,Sleek Yellow Tie-Dye Sweater,284,409
838,Funky Orange Abstract Hoodie,525,486
839,Funky Blue Checkered Sweatshirt,804,358
840,Trendy White Polka Dot Blouse,290,18
841,Elegant Gray Abstract Polo,216,452
842,Hip Blue Striped Button-Up,387,127
843,Trendy Black Checkered Sweatshirt,8,94
844,Elegant Purple Floral Button-Up,977,349
845,Stylish Blue Floral Long Sleeve,325,26
846,Awesome Red Abstract Tank Top,954,170
847,Unique Orange Floral Long Sleeve,479,169
848,Vibrant White Checkered Polo,942,196
849,Elegant Black Checkered T-Shirt,232,73
850,Sleek Gray Abstract Sweatshirt,747,91
851,Elegant Black Camouflage Long Sleeve,15,8
852,Sleek Blue Floral Tank Top,562,173
853,Cool Pink Checkered Polo,627,228
854,Funky White Camouflage Blouse,863,84
855,Funky Purple Camouflage Long Sleeve,384,273
856,Stylish Orange Floral Sweatshirt,121,470
857,Vibrant White Floral Crop Top,149,398
858,Trendy Green Checkered Polo,808,3
859,Unique Pink Striped Hoodie,527,197
860,Trendy Yellow Tie-Dye Polo,189,132
861,Hip Orange Polka Dot Crop Top,119,416
862,Vibrant Green Houndstooth Hoodie,911,496
863,Stylish Pink Geometric Crop Top,544,372
864,Vibrant Purple Polka Dot Blouse,6,445
865,Awesome Gray Geometric Hoodie,555,126
866,Elegant Pink Houndstooth Sweater,300,237
867,Trendy Purple Floral Hoodie,152,55
868,Unique Black Geometric Sweatshirt,248,252
869,Funky Purple Striped Tank Top,710,52
870,Hip Red Abstract Crop Top,486,253
871,Vibrant Pink Floral Hoodie,510,277
872,Sleek Purple Checkered Hoodie,888,215
873,Stylish Orange Polka Dot Blouse,599,197
874,Trendy Purple Abstract Sweatshirt,335,228
875,Cool Green Floral Long Sleeve,252,15
876,Vibrant Pink Geometric T-Shirt,767,385
877,Vibrant Blue Geometric T-Shirt,381,69
878,Elegant Pink Tie-Dye Polo,803,200
879,Stylish Blue Plaid T-Shirt,459,315
880,Sleek Orange Abstract Blouse,808,468
881,Cool Gray Houndstooth Crop Top,7,162
882,Vibrant Blue Houndstooth T-Shirt,583,205
883,Trendy Pink Abstract Long Sleeve,473,69
884,Awesome Red Checkered Sweatshirt,517,170
885,Trendy Black Tie-Dye Polo,758,136
886,Elegant Purple Checkered Polo,631,201
887,Cool Pink Tie-Dye Long Sleeve,992,475
888,Cool Green Camouflage Long Sleeve,977,268
889,Elegant Blue Houndstooth Polo,461,196
890,Hip White Plaid Long Sleeve,450,165
891,Funky Pink Geometric Sweatshirt,139,405
892,Sleek Red Geometric Blouse,249,332
893,Unique Yellow Checkered Sweater,954,31
894,Sleek Blue Striped T-Shirt,791,122
895,Stylish Purple Tie-Dye Long Sleeve,319,130
896,Stylish Green Checkered Long Sleeve,378,80
897,Unique Yellow Camouflage Hoodie,51,292
898,Elegant Green Tie-Dye Long Sleeve,818,113
899,Cool Gray Geometric Polo,423,165
900,Cool Purple Striped T-Shirt,906,279
901,Cool Yellow Floral T-Shirt,986,209
902,Awesome Orange Striped Long Sleeve,284,118
903,Funky Orange Houndstooth Hoodie,9,119
904,Cool Gray Tie-Dye Tank Top,943,384
905,Cool Orange Plaid Long Sleeve,348,156
906,Elegant Green Plaid Polo,199,84
907,Elegant Yellow Checkered Hoodie,816,435
908,Awesome Red Striped Button-Up,130,80
909,Funky Orange Plaid Polo,366,55
910,Trendy Orange Polka Dot Sweater,146,304
911,Unique White Striped Tank Top,423,42
912,Funky Green Floral Polo,870,179
913,Stylish Blue Floral Long Sleeve,739,117
914,Vibrant Purple Tie-Dye T-Shirt,20,175
915,Elegant Red Camouflage Blouse,997,68
916,Trendy Blue Abstract Hoodie,407,448
917,Cool Pink Floral Sweatshirt,187,193
918,Trendy Pink Floral Tank Top,652,143
919,Vibrant Blue Checkered Polo,821,87
920,Cool Gray Floral Polo,170,26
921,Awesome White Houndstooth Long Sleeve,282,314
922,Awesome Pink Striped Sweater,749,289
923,Unique Black Abstract Button-Up,108,135
924,Hip Gray Striped Crop Top,346,390
925,Funky White Floral Blouse,690,442
926,Stylish Purple Polka Dot Sweater,415,96
927,Awesome Black Tie-Dye Sweater,447,269
928,Elegant Red Striped Tank Top,458,458
929,Trendy Black Floral Blouse,685,198
930,Trendy Purple Camouflage Sweatshirt,749,287
931,Unique Blue Camouflage Sweatshirt,817,351
932,Unique Black Tie-Dye Sweater,825,253
933,Funky Pink Polka Dot Tank Top,577,477
934,Cool Black Plaid Polo,938,295
935,Elegant Green Geometric T-Shirt,892,381
936,Sleek Red Abstract T-Shirt,494,174
937,Awesome Pink Polka Dot Button-Up,590,238
938,Cool Pink Checkered Polo,450,295
939,Awesome Red Striped Long Sleeve,26,132
940,Unique Yellow Abstract Hoodie,83,289
941,Unique Gray Abstract Tank Top,933,342
942,Awesome Gray Checkered Button-Up,232,203
943,Vibrant Pink Tie-Dye Hoodie,729,149
944,Vibrant White Striped Sweater,595,29
945,Unique Blue Houndstooth Long Sleeve,76,318
946,Awesome Yellow Camouflage T-Shirt,908,238
947,Vibrant White Striped Hoodie,374,482
948,Hip Gray Camouflage Long Sleeve,146,277
949,Hip Blue Tie-Dye Button-Up,322,50
950,Funky Orange Checkered Long Sleeve,269,328
951,Sleek Gray Plaid Crop Top,403,123
952,Sleek Gray Abstract Blouse,989,416
953,Hip Yellow Floral Sweater,310,104
954,Vibrant Yellow Polka Dot Polo,464,494
955,Sleek Green Camouflage Button-Up,353,19
956,Awesome Purple Plaid Crop Top,768,169
957,Sleek White Tie-Dye Sweatshirt,840,485
958,Elegant Pink Striped Sweatshirt,722,300
959,Awesome Gray Striped Polo,32,127
960,Stylish Orange Striped Sweater,678,231
961,Funky White Houndstooth Crop Top,628,43
962,Vibrant Black Camouflage Long Sleeve,814,22
963,Vibrant Yellow Geometric Tank Top,541,494
964,Cool Orange Checkered Sweater,217,83
965,Elegant White Checkered Hoodie,80,360
966,Cool White Floral Hoodie,554,214
967,Cool Red Floral Sweater,437,14
968,Funky Pink Plaid Hoodie,320,430
969,Hip Gray Checkered Long Sleeve,861,325
970,Sleek Blue Plaid T-Shirt,139,20
971,Vibrant Blue Geometric Blouse,407,401
972,Sleek Pink Tie-Dye Blouse,897,345
973,Cool Pink Tie-Dye Button-Up,393,334
974,Funky Pink Polka Dot Crop Top,20,9
975,Elegant Gray Abstract Crop Top,916,226
976,Funky Blue Tie-Dye Button-Up,700,368
977,Funky Orange Houndstooth Polo,10,193
978,Cool Gray Checkered Long Sleeve,497,305
979,Stylish Orange Floral Crop Top,934,139
980,Vibrant Black Plaid Crop Top,80,119
981,Unique Pink Polka Dot T-Shirt,344,331
982,Unique White Polka Dot T-Shirt,504,70
983,Elegant Black Polka Dot Sweater,880,210
984,Elegant Red Floral Tank Top,462,103
985,Awesome Green Polka Dot Blouse,231,173
986,Vibrant Black Floral Tank Top,20,368
987,Trendy White Striped Blouse,945,459
988,Sleek Orange Geometric Polo,6,241
989,Cool Pink Camouflage T-Shirt,305,487
990,Stylish Yellow Plaid Sweatshirt,989,483
991,Sleek Pink Tie-Dye T-Shirt,402,106
992,Hip Red Checkered Tank Top,876,124
993,Awesome White Abstract Button-Up,230,344
994,Funky Green Plaid Hoodie,10,478
995,Stylish Purple Floral Tank Top,314,103
996,Hip Green Checkered Tank Top,140,322
997,Vibrant Purple Striped T-Shirt,681,228
998,Funky White Tie-Dye Button-Up,407,499
999,Trendy Pink Camouflage Long Sleeve,11,279
